EAN;Nom;Marque;Catégorie;Prix;Vendeur;État
4006381333931;Asus Vivobook 15 X1504;Asus;Informatique;599,99 €;OCSTORE;Neuf
9782070368228;Le Petit Prince;Gallimard;Livres;8,90 €;Cultura;Neuf
5012345678900;iPhone 13 128 Go;Apple;Téléphonie;1 299,00 €;TechShop;Occasion
3000000000007;Lot de 3 cahiers Clairefontaine;Clairefontaine;Papeterie;12,50;PapVendeur;Neuf
4042000000006;Pokémon EV Coffret Booster;Pokémon;Cartes à collectionner;5,99 €;Distristore;Neuf
8884620000006;Vibox VX PC Gamer;Vibox;Informatique;899.99;Vibox;Neuf
12345;Casque audio générique;;Audio;39,90;SonPlus;Neuf
4006381333931;Asus Vivobook 15 X1504 (revendeur B);Asus;Informatique;589,00 €;AutreVendeur;Neuf
;;;;;;
